PID,PName,PDescription,PPrice
1,Wine - Shiraz Wolf Blass Premium,Outdoors,1.69
2,Cheese - Stilton,Outdoors,6.64
3,Langers - Ruby Red Grapfruit,Electronics,3.73
4,Nut - Macadamia,Health,2.15
5,Sesame Seed,Toys,2.78
6,"Pasta - Lasagna, Dry",Kids,3.38
7,Shopper Bag - S - 4,Movies,6.99
8,Food Colouring - Pink,Grocery,5.28
9,Wine - Alsace Gewurztraminer,Books,5.35
10,Bonito Flakes - Toku Katsuo,Books,7.12
11,Campari,Garden,9.73
12,Pie Filling - Apple,Jewelery,2.54
13,Ice Cream - Life Savers,Beauty,8.79
14,Coffee - Egg Nog Capuccino,Books,5.62
15,Muffin Mix - Raisin Bran,Shoes,3.06
16,Mushrooms - Honey,Beauty,6.11
17,Lamb - Ground,Shoes,3.96
18,Lamb Rack Frenched Australian,Movies,8.2
19,"Veal - Round, Eye Of",Computers,6.6
20,Potatoes - Peeled,Shoes,3.44
21,Egg Patty Fried,Health,4.34
22,"Chilli Paste, Sambal Oelek",Tools,6.0
23,Wine - Chianti Classico Riserva,Kids,9.13
24,Raspberries - Frozen,Electronics,6.34
25,Yogurt - Plain,Movies,4.6
26,Peppercorns - Green,Games,8.4
27,Spinach - Packaged,Beauty,6.08
28,Cranberries - Dry,Toys,1.72
29,Tea - Herbal - 6 Asst,Baby,1.4
30,Tea - Decaf Lipton,Books,6.65
31,Cheese - Valancey,Outdoors,2.17
32,Beer - Upper Canada Light,Electronics,5.62
33,Chicken - White Meat With Tender,Electronics,6.1
34,Table Cloth 62x114 White,Electronics,1.11
35,"Pail - 15l White, With Handle",Electronics,4.88
36,"Bread - Roll, Calabrese",Kids,4.12
37,Crab Meat Claw Pasteurise,Industrial,9.98
38,Steam Pan Full Lid,Electronics,2.54
39,Nantuket Peach Orange,Kids,8.64
40,Puree - Mocha,Shoes,3.82
41,"Tart Shells - Sweet, 3",Health,6.77
42,Buffalo - Tenderloin,Music,7.79
43,"Peas - Pigeon, Dry",Jewelery,8.72
44,Wine - Ej Gallo Sierra Valley,Baby,9.99
45,Cheese - Cheddarsliced,Movies,3.86
46,Mushroom - Porcini Frozen,Beauty,8.75
47,Wine - Redchard Merritt,Computers,3.89
48,Appetizer - Crab And Brie,Tools,7.35
49,"Pesto - Primerba, Paste",Electronics,9.54
50,Beer - Upper Canada Light,Industrial,8.95
51,Scampi Tail,Computers,1.99
52,"Wine - Red, Harrow Estates, Cab",Books,9.95
53,Wine - Sake,Toys,2.12
54,Chervil - Fresh,Baby,1.35
55,"Lemonade - Natural, 591 Ml",Books,5.89
56,Bread - Italian Roll With Herbs,Sports,1.22
57,Sobe - Green Tea,Outdoors,1.19
58,Puree - Pear,Clothing,4.64
59,Muffin - Mix - Creme Brule 15l,Shoes,6.95
60,Cheese - Pied De Vents,Computers,8.06
61,Sprouts - Pea,Electronics,3.31
62,Nantucket - Carrot Orange,Outdoors,9.36
63,Tuna - Fresh,Shoes,6.07
64,"Stock - Beef, Brown",Grocery,3.36
65,"Soup - Campbells, Butternut",Grocery,3.31
66,"Bread - Crumbs, Bulk",Home,7.08
67,Yoplait Drink,Kids,9.66
68,Blue Curacao - Marie Brizard,Toys,4.89
69,Bagel - Sesame Seed Presliced,Home,4.74
70,Arizona - Green Tea,Movies,2.65
71,Sage Derby,Kids,1.88
72,"Wine - White, Mosel Gold",Electronics,1.42
73,Hot Chocolate - Individual,Electronics,5.44
74,Watercress,Toys,5.77
75,"Jam - Marmalade, Orange",Health,8.71
76,"Wine - White, Riesling, Semi - Dry",Toys,9.62
77,Cheese - Bocconcini,Computers,7.87
78,Pastry - Key Limepoppy Seed Tea,Books,4.5
79,Ham Black Forest,Computers,2.26
80,Cheese - Cottage Cheese,Home,7.46
81,Garbage Bags - Clear,Kids,4.48
82,"Bread - White, Sliced",Toys,8.65
83,Juice - Orange 1.89l,Baby,1.48
84,Smoked Paprika,Jewelery,6.97
85,Appetizer - Veg Assortment,Home,8.44
86,Bandage - Finger Cots,Baby,6.77
87,Island Oasis - Mango Daiquiri,Movies,8.44
88,"Cheese - Mozzarella, Shredded",Grocery,4.73
89,Beer - Pilsner Urquell,Outdoors,9.15
90,Wine - Zinfandel California 2002,Tools,5.77
91,"Tart Shells - Savory, 4",Toys,4.98
92,Tea - Vanilla Chai,Home,2.39
93,Cake - Mini Cheesecake,Books,6.27
94,"Clams - Littleneck, Whole",Kids,1.19
95,Ostrich - Fan Fillet,Home,5.83
96,Island Oasis - Banana Daiquiri,Garden,8.82
97,"Brocolinni - Gaylan, Chinese",Kids,3.1
98,"Wine - Red, Black Opal Shiraz",Movies,7.03
99,Bread Base - Goodhearth,Computers,5.17
100,Breadfruit,Movies,7.17
101,Neckerchief Blck,Sports,9.48
102,Bread Bowl Plain,Health,5.22
103,Mushroom - Lg - Cello,Games,4.36
104,Wine - Chardonnay South,Industrial,9.3
105,Russian Prince,Electronics,2.86
106,Tamarind Paste,Games,2.72
107,Truffle Cups - Brown,Clothing,2.75
108,Sea Bass - Whole,Garden,8.88
109,"Pasta - Elbows, Macaroni, Dry",Computers,8.93
110,Scallops - Live In Shell,Health,3.36
111,"Tuna - Canned, Flaked, Light",Garden,3.61
112,Duck - Whole,Health,6.77
113,Ham - Cooked Bayonne Tinned,Outdoors,5.17
114,Cookie Choc,Garden,4.85
115,"Chilli Paste, Ginger Garlic",Shoes,3.96
116,"Mushroom - Enoki, Fresh",Kids,5.3
117,Juice - Cranberry 284ml,Electronics,8.74
118,Pate - Peppercorn,Clothing,5.61
119,Beans - Butter Lrg Lima,Baby,9.19
120,French Kiss Vanilla,Beauty,5.72
121,Bread - Petit Baguette,Baby,7.33
122,Sterno - Chafing Dish Fuel,Shoes,3.22
123,Lettuce - Boston Bib - Organic,Home,2.57
124,Langers - Cranberry Cocktail,Outdoors,7.88
125,"Pasta - Rotini, Dry",Tools,3.28
126,Truffle Shells - Semi - Sweet,Automotive,1.28
127,Milk - Condensed,Movies,2.42
128,Tea - Herbal Sweet Dreams,Automotive,1.97
129,"Vodka - Lemon, Absolut",Shoes,5.38
130,"Soda Water - Club Soda, 355 Ml",Sports,2.95
131,Yokaline,Electronics,2.33
132,"Mushroom - Chantrelle, Fresh",Health,9.52
133,Onions - Red Pearl,Computers,4.67
134,Pate Pans Yellow,Industrial,6.6
135,Tea Peppermint,Shoes,1.54
136,Onions - Cippolini,Industrial,3.89
137,Pepper - Green,Computers,1.92
138,Muffin Mix - Lemon Cranberry,Toys,7.08
139,Pastry - Choclate Baked,Computers,8.02
140,Cherries - Frozen,Clothing,8.96
141,Ginsing - Fresh,Music,6.55
142,Potatoes - Fingerling 4 Oz,Electronics,9.11
143,Mountain Dew,Baby,3.49
144,Chips Potato Swt Chilli Sour,Shoes,1.99
145,Pastry - Baked Scones - Mini,Automotive,5.78
146,Campari,Kids,1.03
147,Heavy Duty Dust Pan,Music,9.23
148,Longos - Chicken Caeser Salad,Jewelery,7.78
149,Chips - Miss Vickies,Computers,9.16
150,Currants,Sports,3.74
151,Jolt Cola,Garden,9.35
152,Bar Special K,Electronics,9.34
153,"Juice - Apple, 1.36l",Books,3.37
154,Glass Clear 8 Oz,Books,4.22
155,Plasticknivesblack,Toys,4.86
156,Puree - Mocha,Movies,8.12
157,Glucose,Home,3.42
158,"Pasta - Penne Primavera, Single",Grocery,7.39
159,Thyme - Dried,Kids,7.52
160,Bagelers,Beauty,4.19
161,Apple - Fuji,Sports,6.3
162,Cake - Pancake,Music,2.01
163,Wine - Hardys Bankside Shiraz,Baby,2.51
164,Bread Base - Goodhearth,Movies,5.18
165,Grenadine,Grocery,1.58
166,Spice - Peppercorn Melange,Kids,1.55
167,Lamb Rack - Ontario,Tools,7.33
168,Island Oasis - Cappucino Mix,Tools,4.25
169,Beans - Fine,Books,4.97
170,Sugar - Monocystal / Rock,Health,6.04
171,"Tortillas - Flour, 10",Music,6.63
172,Napkin Colour,Electronics,2.29
173,Trueblue - Blueberry Cranberry,Toys,8.05
174,Appetizer - Smoked Salmon / Dill,Beauty,2.5
175,"Champagne - Brights, Dry",Outdoors,5.15
176,Iced Tea Concentrate,Home,5.76
177,Sauce - Roasted Red Pepper,Jewelery,3.45
178,"Fish - Atlantic Salmon, Cold",Garden,8.7
179,Chicken - Livers,Tools,1.87
180,Oil - Olive,Toys,4.35
181,Mussels - Cultivated,Automotive,5.65
182,Mustard - Pommery,Jewelery,9.45
183,"Ranchero - Primerba, Paste",Baby,7.13
184,Goldschalger,Kids,3.38
185,Wine - Niagara Peninsula Vqa,Garden,7.83
186,"Soup - Campbells, Lentil",Games,2.83
187,Drambuie,Games,9.03
188,Veal - Inside,Clothing,4.02
189,"Doilies - 12, Paper",Automotive,7.18
190,"Water, Tap",Garden,6.36
191,Beer - Camerons Cream Ale,Health,4.44
192,Bread - Mini Hamburger Bun,Books,8.79
193,Cup - 8oz Coffee Perforated,Grocery,8.58
194,Squash - Sunburst,Toys,1.63
195,Dried Peach,Books,2.52
196,Extract Vanilla Pure,Books,3.07
197,Cheese - Colby,Home,5.95
198,"Nut - Walnut, Chopped",Music,8.05
199,Wine - Magnotta - Cab Franc,Garden,5.86
200,Tobasco Sauce,Automotive,6.16
201,Island Oasis - Ice Cream Mix,Beauty,4.98
202,Wine - Cabernet Sauvignon,Grocery,5.56
203,Yogurt - Assorted Pack,Toys,4.88
204,Wine - Lamancha Do Crianza,Automotive,7.48
205,Chicken Breast Halal,Music,7.19
206,Apple - Northern Spy,Electronics,2.43
207,Trueblue - Blueberry,Toys,5.85
208,Sauce Bbq Smokey,Shoes,9.07
209,Basil - Pesto Sauce,Health,6.04
210,Pastry - Carrot Muffin - Mini,Health,9.58
211,Chickhen - Chicken Phyllo,Health,1.05
212,Kellogs Raisan Bran Bars,Movies,5.89
213,Chips - Doritos,Home,6.81
214,"Juice - Apple, 1.36l",Automotive,6.95
215,Foil - 4oz Custard Cup,Books,7.09
216,Gatorade - Cool Blue Raspberry,Grocery,9.69
217,"Wine - Red, Lurton Merlot De",Shoes,2.69
218,Island Oasis - Mango Daiquiri,Electronics,9.35
219,Chocolate Bar - Coffee Crisp,Music,3.93
220,Soup - Campbells Chili,Computers,4.43
221,Napkin - Beverage 1 Ply,Books,2.15
222,"Soup - Knorr, Chicken Gumbo",Books,3.29
223,Cheese - Shred Cheddar / Mozza,Jewelery,8.02
224,Wine - Magnotta - Pinot Gris Sr,Electronics,7.13
225,"Loaf Pan - 2 Lb, Foil",Home,9.63
226,Pork - Hock And Feet Attached,Movies,6.91
227,Butter - Unsalted,Home,7.86
228,"Yogurt - Peach, 175 Gr",Jewelery,4.96
229,Wine - Dubouef Macon - Villages,Grocery,4.65
230,Mcguinness - Blue Curacao,Sports,9.97
231,Pomegranates,Outdoors,2.9
232,Duck - Breast,Sports,3.95
233,Rosemary - Dry,Clothing,6.7
234,Compound - Mocha,Automotive,7.39
235,Cake Sheet Combo Party Pack,Music,9.14
236,"Wine - Red, Wolf Blass, Yellow",Shoes,4.11
237,Vinegar - Raspberry,Beauty,6.35
238,"Tortillas - Flour, 12",Automotive,2.17
239,Bacardi Breezer - Strawberry,Clothing,4.93
240,V8 - Berry Blend,Movies,8.16
241,Pork - European Side Bacon,Beauty,5.09
242,Cardamon Seed / Pod,Music,6.6
243,Soup Campbells - Tomato Bisque,Electronics,9.77
244,Lotus Rootlets - Canned,Games,1.74
245,"Gin - Gilbeys London, Dry",Electronics,3.41
246,Chicken - Livers,Beauty,1.27
247,Cake - Lemon Chiffon,Tools,1.88
248,Chicken - Whole Fryers,Garden,8.01
249,Macaroons - Homestyle Two Bit,Tools,1.67
250,Shopper Bag - S - 4,Clothing,6.03
251,Soup - Campbells Mac N Cheese,Music,1.6
252,Soup - Campbells - Chicken Noodle,Health,5.06
253,Passion Fruit,Sports,4.07
254,"Appetizer - Mini Egg Roll, Shrimp",Industrial,7.53
255,Dates,Garden,4.17
256,"Beef - Tongue, Fresh",Home,6.89
257,Salt - Seasoned,Clothing,6.11
258,Rice - Aborio,Automotive,7.34
259,Wine - Dubouef Macon - Villages,Games,7.66
260,Coriander - Ground,Clothing,5.94
261,Cleaner - Bleach,Shoes,2.68
262,"Sugar - Brown, Individual",Kids,6.05
263,Lidsoupcont Rp12dn,Health,7.69
264,"Wine - Sherry Dry Sack, William",Shoes,4.23
265,Easy Off Oven Cleaner,Computers,4.25
266,Cod - Black Whole Fillet,Garden,7.39
267,Bread - Olive,Tools,8.51
268,Beer - Mcauslan Apricot,Clothing,8.24
269,Juice Peach Nectar,Outdoors,4.49
270,Turnip - Mini,Beauty,2.85
271,Chips - Potato Jalapeno,Music,1.41
272,Mushroom - Crimini,Shoes,4.81
273,Chambord Royal,Baby,9.26
274,"Vodka - Lemon, Absolut",Industrial,8.68
275,Creme De Menthe Green,Movies,5.22
276,Beer - Blue,Books,7.19
277,Sauce - Balsamic Viniagrette,Shoes,5.47
278,Kellogs Raisan Bran Bars,Tools,3.84
279,Muffin Mix - Corn Harvest,Jewelery,8.82
280,Chocolate - Unsweetened,Health,8.06
281,Ecolab - Hand Soap Form Antibac,Garden,4.96
282,"Jam - Blackberry, 20 Ml Jar",Books,3.28
283,Anchovy In Oil,Kids,1.21
284,Pepperoni Slices,Beauty,1.98
285,"7up Diet, 355 Ml",Shoes,3.66
286,Flax Seed,Clothing,4.57
287,"Nut - Hazelnut, Whole",Jewelery,8.09
288,"Wine - White, Riesling, Semi - Dry",Garden,7.02
289,Pomegranates,Music,3.41
290,Rosemary - Fresh,Clothing,7.39
291,"Veal - Brisket, Provimi, Bone - In",Games,7.72
292,"Bread - Dark Rye, Loaf",Electronics,7.09
293,"Loaf Pan - 2 Lb, Foil",Toys,5.96
294,Bay Leaf Fresh,Shoes,5.78
295,Jolt Cola - Electric Blue,Garden,2.69
296,Oil - Shortening - All - Purpose,Tools,8.69
297,Tomato Puree,Grocery,9.15
298,"Soup - Campbells, Creamy",Sports,5.92
299,Bonito Flakes - Toku Katsuo,Health,9.95
300,"Pepsi - Diet, 355 Ml",Tools,9.57
301,Beer - Upper Canada Light,Tools,8.63
302,"Pork - Back, Long Cut, Boneless",Computers,3.92
303,Ice Cream Bar - Oreo Cone,Music,7.9
304,Egg - Salad Premix,Shoes,4.61
305,Cheese - Marble,Movies,6.03
306,Sproutsmustard Cress,Kids,9.46
307,Spinach - Baby,Garden,4.8
308,Vinegar - Tarragon,Books,6.22
309,Chips - Potato Jalapeno,Industrial,4.8
310,Soup - Campbells - Tomato,Garden,2.41
311,Berry Brulee,Movies,3.26
312,Longos - Chicken Wings,Music,5.35
313,Cheese Cheddar Processed,Tools,3.91
314,Cookie - Oatmeal,Books,4.66
315,Lotus Rootlets - Canned,Outdoors,7.25
316,Hot Choc Vending,Automotive,8.22
317,Chips - Doritos,Books,7.01
318,Bread - Pita,Electronics,7.17
319,Goldschalger,Books,7.36
320,Pepper - Gypsy Pepper,Games,3.16
321,Peppercorns - Pink,Industrial,2.43
322,Sugar - Brown,Baby,3.19
323,Tea - Lemon Scented,Garden,6.98
324,Tomatoes - Orange,Books,2.3
325,Flour - Strong,Sports,9.16
326,Radish - Pickled,Outdoors,9.92
327,"Wine - White, Ej Gallo",Tools,4.08
328,Sour Puss Sour Apple,Tools,9.12
329,Muffin Orange Individual,Outdoors,3.39
330,Wine - Charddonnay Errazuriz,Home,6.6
331,Muffins - Assorted,Jewelery,5.82
332,Blouse / Shirt / Sweater,Toys,2.17
333,Pepper - Green Thai,Games,5.84
334,Sugar - Monocystal / Rock,Electronics,4.69
335,Sauce - Oyster,Computers,3.3
336,Grand Marnier,Sports,2.17
337,Oil - Pumpkinseed,Books,9.86
338,"Lid - 10,12,16 Oz",Industrial,1.51
339,"Cheese - Mozzarella, Buffalo",Toys,4.11
340,Potatoes - Yukon Gold 5 Oz,Books,6.37
341,Wine - Cotes Du Rhone,Beauty,8.68
342,Anchovy In Oil,Beauty,5.23
343,Ocean Spray - Ruby Red,Industrial,7.28
344,Gatorade - Cool Blue Raspberry,Electronics,1.7
345,Paper - Brown Paper Mini Cups,Industrial,8.34
346,Taro Root,Beauty,7.64
347,Bread Crumbs - Panko,Jewelery,1.52
348,True - Vue Containers,Sports,1.08
349,Wine - Remy Pannier Rose,Grocery,7.1
350,Eel - Smoked,Health,5.27
351,Sesame Seed Black,Movies,9.77
352,Bread - Sour Sticks With Onion,Tools,4.98
353,"Tarragon - Primerba, Paste",Music,2.99
354,Sugar - White Packet,Computers,2.73
355,"Juice - Clam, 46 Oz",Jewelery,4.63
356,Bagelers,Garden,6.05
357,Wine - Alicanca Vinho Verde,Beauty,9.29
358,"Mushroom - Porcini, Dry",Kids,2.24
359,Blueberries - Frozen,Tools,2.24
360,"Beer - Alexander Kieths, Pale Ale",Garden,5.23
361,Ham - Black Forest,Beauty,4.06
362,Soup - Campbells Asian Noodle,Movies,7.8
363,Ketchup - Tomato,Beauty,2.76
364,Milk - Skim,Music,6.47
365,Muffin Batt - Choc Chk,Tools,6.33
366,Soup Campbells Turkey Veg.,Industrial,7.54
367,Dates,Sports,8.46
368,Turnip - White,Computers,2.51
369,"Chicken - Wings, Tip Off",Home,4.29
370,Chicken - White Meat With Tender,Sports,6.54
371,"Rum - Spiced, Captain Morgan",Outdoors,9.59
372,Kellogs All Bran Bars,Tools,3.83
373,Tomatoes - Cherry,Baby,3.9
374,Langers - Ruby Red Grapfruit,Industrial,6.22
375,"Oil - Food, Lacquer Spray",Tools,5.39
376,Canada Dry,Tools,2.34
377,Cookies Almond Hazelnut,Shoes,9.21
378,Dried Figs,Automotive,6.29
379,Thyme - Dried,Automotive,7.66
380,"Pork - Tenderloin, Fresh",Movies,4.95
381,Lamb - Shanks,Computers,2.78
382,Pork - Belly Fresh,Games,9.81
383,Chickhen - Chicken Phyllo,Books,5.19
384,"Cheese - Brie,danish",Computers,6.8
385,Sauce - Hoisin,Music,5.14
386,Cheese - Grie Des Champ,Shoes,8.75
387,Chocolate - Dark Callets,Books,1.39
388,Kaffir Lime Leaves,Home,8.0
389,Teriyaki Sauce,Music,1.19
390,Okra,Toys,4.18
391,Macaroons - Two Bite Choc,Garden,3.79
392,Venison - Striploin,Computers,6.27
393,Flour Dark Rye,Industrial,8.35
394,"Pasta - Shells, Medium, Dry",Sports,5.3
395,Carbonated Water - Wildberry,Baby,9.39
396,Chef Hat 20cm,Outdoors,8.8
397,Pastry - Chocolate Chip Muffin,Baby,1.97
398,Veal - Eye Of Round,Toys,1.02
399,Ecolab Silver Fusion,Electronics,7.1
400,Carbonated Water - Raspberry,Clothing,9.67
401,Cake - Miini Cheesecake Cherry,Toys,9.83
402,Clementine,Jewelery,8.66
403,"Noodles - Cellophane, Thin",Clothing,1.87
404,"Pork - Sausage, Medium",Tools,4.75
405,"Nut - Hazelnut, Ground, Natural",Computers,9.54
406,Tomatoes - Roma,Grocery,2.08
407,"Orange - Canned, Mandarin",Sports,6.17
408,Rice - Jasmine Sented,Grocery,7.73
409,Island Oasis - Lemonade,Computers,5.53
410,Cranberries - Frozen,Automotive,2.88
411,"Tart Shells - Sweet, 2",Grocery,6.08
412,Juice - Apple 284ml,Clothing,5.11
413,Tomatoes - Hot House,Tools,8.49
414,Chick Peas - Dried,Grocery,3.76
415,Flour - So Mix Cake White,Books,8.27
416,"Lamb - Leg, Diced",Automotive,6.2
417,Cheese - St. Paulin,Grocery,2.05
418,Chutney Sauce - Mango,Garden,2.88
419,Sausage - Liver,Industrial,1.49
420,Glycerine,Kids,2.81
421,"Pepper - Black, Whole",Outdoors,1.34
422,Wine - Fat Bastard Merlot,Kids,3.69
423,"Syrup - Monin, Irish Cream",Toys,8.39
424,Soap - Mr.clean Floor Soap,Health,3.48
425,"Mustard - Dry, Powder",Shoes,2.61
426,"Pork - Back, Short Cut, Boneless",Sports,3.67
427,Napkin White,Movies,1.71
428,Rabbit - Saddles,Beauty,2.05
429,Olives - Stuffed,Health,1.53
430,Cod - Fillets,Grocery,6.97
431,Pasta - Canelloni,Kids,4.72
432,Salmon Steak - Cohoe 8 Oz,Grocery,4.34
433,"Pasta - Spaghetti, Dry",Tools,4.82
434,Kaffir Lime Leaves,Electronics,4.21
435,Cheese - Ricotta,Industrial,7.71
436,"Liners - Banana, Paper",Health,2.45
437,Tilapia - Fillets,Industrial,2.71
438,Island Oasis - Pina Colada,Health,1.06
439,Veal - Inside,Computers,3.57
440,Juice - V8 Splash,Home,3.37
441,Cheese - Marble,Jewelery,7.67
442,"Lobster - Baby, Boiled",Baby,6.28
443,Foil Wrap,Jewelery,5.36
444,"Extract - Vanilla,artificial",Movies,1.53
445,Bacardi Limon,Kids,7.07
446,"Veal - Shank, Pieces",Baby,7.73
447,Pasta - Fusili Tri - Coloured,Electronics,4.48
448,Anchovy In Oil,Computers,5.26
449,"Juice - Pineapple, 341 Ml",Home,1.26
450,Wine - Crozes Hermitage E.,Toys,9.09
451,Chocolate - Compound Coating,Baby,7.75
452,Mcgillicuddy Vanilla Schnap,Beauty,8.3
453,Bread - Pita,Beauty,6.67
454,Tea - Lemon Scented,Tools,2.39
455,"Potatoes - Instant, Mashed",Jewelery,1.26
456,"Chilli Paste, Ginger Garlic",Games,8.91
457,Roe - Flying Fish,Garden,2.35
458,Wine - Masi Valpolocell,Outdoors,5.73
459,Cheese - Brie Roitelet,Clothing,1.14
460,Muffin Mix - Banana Nut,Electronics,5.5
461,Bread - Dark Rye,Toys,9.94
462,Sauce - Vodka Blush,Outdoors,8.85
463,Tea - Orange Pekoe,Outdoors,4.32
464,Juice - Prune,Baby,6.22
465,Savory,Music,7.3
466,Crackers Cheez It,Jewelery,8.01
467,Smoked Paprika,Games,4.05
468,Pastry - Mini French Pastries,Industrial,2.3
469,Banana Turning,Automotive,5.07
470,Cheese - Gouda,Outdoors,9.47
471,"Beef - Baby, Liver",Automotive,1.08
472,"Lemonade - Strawberry, 591 Ml",Tools,6.11
473,"Noodles - Cellophane, Thin",Books,3.2
474,Pastry - Carrot Muffin - Mini,Shoes,3.87
475,Plate Foam Laminated 9in Blk,Beauty,2.54
476,Lettuce - Belgian Endive,Beauty,8.69
477,Soup V8 Roasted Red Pepper,Games,5.31
478,Kiwano,Movies,3.59
479,Appetizer - Southwestern,Games,8.27
480,Salami - Genova,Tools,4.28
481,"Croissant, Raw - Mini",Electronics,9.89
482,"Bread - Bagels, Plain",Games,5.51
483,Halibut - Fletches,Movies,2.88
484,Pate - Cognac,Grocery,3.98
485,Soup - Campbells Asian Noodle,Games,2.3
486,"Water - Mineral, Carbonated",Garden,3.14
487,"Tarragon - Primerba, Paste",Clothing,7.44
488,Veal - Ground,Jewelery,5.23
489,Table Cloth 54x72 Colour,Industrial,2.55
490,Coffee - Decaffeinato Coffee,Clothing,2.08
491,"Lobster - Tail, 3 - 4 Oz",Outdoors,7.08
492,Kellogs Special K Cereal,Baby,3.97
493,Pepper - Red Thai,Jewelery,1.13
494,Wine - Champagne Brut Veuve,Beauty,3.63
495,"Soup - Knorr, Chicken Noodle",Clothing,4.8
496,"Vodka - Lemon, Absolut",Computers,8.49
497,Syrup - Monin - Passion Fruit,Grocery,9.69
498,Lamb - Shanks,Tools,9.5
499,Flower - Carnations,Music,9.1
500,Chips Potato Reg 43g,Automotive,4.2
501,Oven Mitts 17 Inch,Outdoors,6.65
502,"Bread - Bagels, Mini",Grocery,5.92
503,Curry Paste - Green Masala,Outdoors,6.49
504,"Bread - Roll, Calabrese",Health,8.26
505,"Wine - Red, Gallo, Merlot",Industrial,6.95
506,Cheese - Grana Padano,Computers,8.71
507,Ham - Black Forest,Kids,3.93
508,Turnip - White,Baby,9.63
509,Muffin Hinge 117n,Computers,8.15
510,Bread - Sour Batard,Health,7.69
511,Bread - Multigrain Oval,Movies,7.25
512,Duck - Breast,Clothing,7.31
513,Sauce - Caesar Dressing,Games,2.39
514,Veal - Heart,Movies,7.82
515,Wine - Prem Select Charddonany,Grocery,2.33
516,Potatoes - Idaho 100 Count,Beauty,4.8
517,Flower - Commercial Bronze,Sports,9.87
518,Muffins - Assorted,Games,3.97
519,Filling - Mince Meat,Industrial,5.45
520,Salt - Seasoned,Games,4.69
521,V8 - Berry Blend,Sports,5.18
522,"Nut - Peanut, Roasted",Health,2.2
523,"Marsala - Sperone, Fine, D.o.c.",Jewelery,3.56
524,"Oil - Olive, Extra Virgin",Electronics,7.54
525,Cape Capensis - Fillet,Home,2.25
526,"Wine - Magnotta, White",Garden,3.45
527,"Coffee - Colombian, Portioned",Jewelery,8.48
528,Towels - Paper / Kraft,Health,7.07
529,Soup - Base Broth Beef,Beauty,6.1
530,Foil - 4oz Custard Cup,Shoes,6.03
531,Mince Meat - Filling,Jewelery,3.02
532,Beer - Pilsner Urquell,Jewelery,9.19
533,"Chicken - Wings, Tip Off",Outdoors,9.95
534,Ecolab Silver Fusion,Health,8.92
535,Wine - Periguita Fonseca,Clothing,5.94
536,"Napkin - Beverge, White 2 - Ply",Garden,8.75
537,"Rosemary - Primerba, Paste",Sports,7.09
538,"Pasta - Fusili, Dry",Health,1.97
539,Tea - English Breakfast,Movies,8.18
540,"Stock - Chicken, White",Shoes,5.58
541,Bread Sour Rolls,Books,9.21
542,Tobasco Sauce,Grocery,6.9
543,"Veal - Round, Eye Of",Tools,8.15
544,Langers - Ruby Red Grapfruit,Computers,8.94
545,"Cheese - Woolwich Goat, Log",Home,6.1
546,"Jam - Raspberry,jar",Electronics,3.5
547,Goulash Seasoning,Sports,1.23
548,Cod - Fillets,Music,1.42
549,"Soup - Knorr, French Onion",Jewelery,7.38
550,Croissants Thaw And Serve,Electronics,4.96
551,Amarula Cream,Baby,9.41
552,Cookie - Oreo 100x2,Clothing,9.58
553,Potatoes - Mini White 3 Oz,Industrial,7.49
554,Orange - Tangerine,Movies,3.51
555,Wine - Clavet Saint Emilion,Music,1.47
556,"Pail - 4l White, With Handle",Jewelery,8.43
557,Egg Patty Fried,Jewelery,8.69
558,Dooleys Toffee,Kids,7.5
559,"Doilies - 12, Paper",Grocery,6.25
560,Gatorade - Fruit Punch,Books,4.65
561,"Pork - Sausage, Medium",Tools,3.64
562,Cleaner - Pine Sol,Shoes,9.08
563,Tarts Assorted,Computers,7.19
564,Sprouts - Pea,Sports,8.81
565,Wine - Prosecco Valdobienne,Jewelery,5.21
566,Okra,Health,7.36
567,Extract - Rum,Clothing,7.38
568,Cheese - Asiago,Clothing,3.01
569,"Pasta - Lasagne, Fresh",Tools,4.79
570,"Pepper - Chillies, Crushed",Sports,7.64
571,Soup - Campbells - Chicken Noodle,Books,7.73
572,"Nut - Hazelnut, Whole",Electronics,8.17
573,Wine - Clavet Saint Emilion,Beauty,3.27
574,Pancetta,Tools,5.35
575,Chocolate - Dark Callets,Garden,6.16
576,Yeast Dry - Fermipan,Tools,5.41
577,Steampan - Lid For Half Size,Garden,1.89
578,Table Cloth 81x81 White,Outdoors,2.39
579,Flour - Chickpea,Beauty,1.23
580,Pork - Belly Fresh,Beauty,4.94
581,Cookies - Fortune,Baby,6.38
582,Foil - 4oz Custard Cup,Health,5.09
583,Wine - Sauvignon Blanc Oyster,Music,8.35
584,Pepper - Red Chili,Electronics,6.73
585,Rice - Brown,Tools,9.84
586,Wine - Fontanafredda Barolo,Shoes,4.32
587,"Wine - Mas Chicet Rose, Vintage",Jewelery,5.02
588,Appetizer - Asian Shrimp Roll,Baby,4.64
589,Tarragon - Fresh,Electronics,7.55
590,Duck - Fat,Clothing,9.04
591,Beans - Soya Bean,Games,6.42
592,Glove - Cutting,Health,5.13
593,Plums - Red,Shoes,5.21
594,"Turkey - Breast, Bone - In",Clothing,8.31
595,Wine - Balbach Riverside,Movies,8.84
596,Soup Bowl Clear 8oz92008,Computers,5.04
597,Coffee - Hazelnut Cream,Sports,6.08
598,Pork - Sausage Casing,Toys,9.95
599,Dc - Sakura Fu,Toys,7.68
600,Table Cloth 81x81 White,Kids,5.93
601,"Mushroom - Porcini, Dry",Movies,4.27
602,Cheese - Brick With Onion,Music,5.04
603,Muffin Mix - Oatmeal,Kids,6.9
604,Huck White Towels,Tools,4.91
605,Squid - U 5,Garden,9.78
606,Orange - Blood,Toys,5.0
607,Foil - 4oz Custard Cup,Outdoors,9.1
608,Squash - Butternut,Games,8.08
609,Onions - White,Automotive,1.49
610,Beef - Cow Feet Split,Sports,8.6
611,Bread - Pain Au Liat X12,Beauty,4.13
612,"Seedlings - Buckwheat, Organic",Toys,4.14
613,"Veal - Chops, Split, Frenched",Games,7.75
614,"Tart Shells - Sweet, 2",Jewelery,1.21
615,Papayas,Electronics,9.55
616,Soup - Cream Of Potato / Leek,Sports,8.32
617,Wonton Wrappers,Outdoors,4.74
618,"Asparagus - Green, Fresh",Music,5.81
619,Raisin - Golden,Electronics,6.18
620,"Pail - 4l White, With Handle",Kids,8.6
621,"Pork - Tenderloin, Fresh",Kids,2.0
622,Cleaner - Comet,Music,9.48
623,"Brownies - Two Bite, Chocolate",Shoes,1.87
624,"Cheese - Woolwich Goat, Log",Beauty,3.2
625,Cheese - Parmesan Grated,Beauty,7.12
626,Cheese - Pont Couvert,Sports,5.08
627,Cookies - Assorted,Outdoors,6.77
628,Jack Daniels,Outdoors,1.19
629,Lighter - Bbq,Movies,5.86
630,Beef Tenderloin Aaa,Kids,7.4
631,Monkfish Fresh - Skin Off,Home,5.58
632,Wine - Spumante Bambino White,Garden,7.65
633,Mcgillicuddy Vanilla Schnap,Clothing,3.54
634,Mushroom - Morel Frozen,Electronics,8.5
635,Onion - Dried,Kids,8.58
636,Artichoke - Fresh,Beauty,8.62
637,Energy Drink,Music,1.02
638,Chutney Sauce - Mango,Outdoors,2.58
639,"Pasta - Rotini, Colour, Dry",Tools,3.93
640,Shrimp - 150 - 250,Movies,4.72
641,Tomato - Green,Health,8.68
642,Longan,Beauty,8.39
643,"Sugar - Sweet N Low, Individual",Baby,9.75
644,"Jam - Marmalade, Orange",Beauty,4.77
645,"Chocolate - Pistoles, Lactee, Milk",Toys,6.04
646,Wine - Winzer Krems Gruner,Beauty,7.18
647,Ice Cream - Chocolate,Industrial,6.18
648,Toothpick Frilled,Baby,7.44
649,Pastry - Plain Baked Croissant,Jewelery,1.52
650,Puree - Pear,Automotive,6.81
651,Lemonade - Pineapple Passion,Sports,2.3
652,Goat - Leg,Books,8.25
653,Wine - Wyndham Estate Bin 777,Games,8.47
654,Wine - Chenin Blanc K.w.v.,Baby,5.88
655,Milkettes - 2%,Shoes,7.72
656,Apples - Sliced / Wedge,Movies,8.47
657,Island Oasis - Pina Colada,Garden,4.28
658,Wine - Zinfandel Rosenblum,Kids,8.24
659,"Wine - Saint - Bris 2002, Sauv",Games,7.88
660,Wine - Pinot Noir Latour,Shoes,6.53
661,Bread - Bistro White,Home,7.05
662,"Pork - Bacon, Sliced",Books,5.71
663,"Chicken - Wings, Tip Off",Sports,7.15
664,Wine - Remy Pannier Rose,Movies,7.69
665,Sauce Tomato Pouch,Clothing,4.56
666,"Flour - Buckwheat, Dark",Toys,3.64
667,The Pop Shoppe - Root Beer,Health,8.44
668,"Pasta - Orzo, Dry",Tools,9.29
669,Spice - Chili Powder Mexican,Baby,4.77
670,"Juice - Pineapple, 341 Ml",Computers,1.42
671,Coffee - 10oz Cup 92961,Movies,9.94
672,Longos - Cheese Tortellini,Books,2.82
673,"Pasta - Orzo, Dry",Automotive,2.87
674,Mace,Kids,1.4
675,"Turnip - White, Organic",Automotive,8.14
676,Steampan - Half Size Shallow,Grocery,1.42
677,Filo Dough,Shoes,7.98
678,"Beef - Outside, Round",Sports,9.29
679,Noodles - Steamed Chow Mein,Garden,4.16
680,Wine - Toasted Head,Games,2.21
681,"Lamb - Whole Head Off,nz",Health,8.65
682,Spinach - Spinach Leaf,Beauty,1.51
683,Tuna - Loin,Toys,6.5
684,Pasta - Canelloni,Health,3.75
685,"Pepper - Black, Ground",Books,1.78
686,Tea - Honey Green Tea,Kids,9.11
687,"Rum - Dark, Bacardi, Black",Home,4.39
688,Ice Cream - Vanilla,Shoes,9.1
689,Soup Campbells Mexicali Tortilla,Games,7.94
690,Crawfish,Health,9.94
691,"Shrimp - 16 - 20 Cooked, Peeled",Jewelery,9.96
692,Chips - Potato Jalapeno,Music,1.89
693,Radish - Pickled,Automotive,2.36
694,Chivas Regal - 12 Year Old,Sports,7.1
695,Lobster - Canned Premium,Toys,2.36
696,Cheese - Bakers Cream Cheese,Books,9.22
697,"Beans - Turtle, Black, Dry",Music,8.69
698,Oranges,Toys,9.85
699,Beef Dry Aged Tenderloin Aaa,Beauty,4.17
700,"Beef - Ox Tongue, Pickled",Clothing,6.97
701,"Wine - Red, Pelee Island Merlot",Clothing,7.7
702,Bread - Sour Batard,Electronics,2.53
703,Wine - Semi Dry Riesling Vineland,Electronics,6.27
704,Chicken Thigh - Bone Out,Books,1.94
705,Lobster - Live,Tools,7.71
706,Sprouts - Corn,Outdoors,9.49
707,Cups 10oz Trans,Grocery,6.78
708,"Nut - Pine Nuts, Whole",Clothing,5.05
709,Cream Of Tartar,Tools,2.61
710,Pork - Suckling Pig,Music,8.56
711,Beef Cheek Fresh,Jewelery,7.49
712,Lamb - Whole Head Off,Home,5.0
713,"Soup - Canadian Pea, Dry Mix",Kids,3.89
714,Bread - French Baquette,Electronics,7.71
715,Flour - Cake,Garden,7.08
716,Irish Cream - Butterscotch,Games,3.7
717,"Rum - White, Gg White",Shoes,9.49
718,"Mustard - Dry, Powder",Toys,8.92
719,Mcguinness - Blue Curacao,Books,1.7
720,Cheese - Cottage Cheese,Automotive,6.79
721,Shrimp - Prawn,Home,8.52
722,Gherkin - Sour,Industrial,7.72
723,Canadian Emmenthal,Automotive,9.36
724,Soup - Campbells - Chicken Noodle,Automotive,4.93
725,Flour - Rye,Home,1.81
726,Truffle Cups - White Paper,Baby,6.18
727,Flour - Chickpea,Garden,8.3
728,Soap - Mr.clean Floor Soap,Tools,5.97
729,Apple - Granny Smith,Outdoors,7.22
730,Prunes - Pitted,Outdoors,8.08
731,"Soup - Campbells, Lentil",Sports,4.99
732,Cardamon Ground,Beauty,1.98
733,Banana - Leaves,Movies,9.37
734,Pop Shoppe Cream Soda,Electronics,6.43
735,"Turkey - Breast, Bone - In",Movies,8.05
736,Sauce - Ranch Dressing,Industrial,2.5
737,Shichimi Togarashi Peppeers,Outdoors,4.05
738,"Onions - Dried, Chopped",Movies,6.74
739,Bacardi Mojito,Sports,8.16
740,Oil - Macadamia,Beauty,5.96
741,Muffin - Mix - Creme Brule 15l,Beauty,7.15
742,Bay Leaf,Outdoors,6.74
743,Skirt - 29 Foot,Movies,9.54
744,Sauce - Hollandaise,Clothing,3.46
745,Beer - Paulaner Hefeweisse,Outdoors,4.7
746,"Octopus - Baby, Cleaned",Electronics,9.66
747,Soup Campbells Mexicali Tortilla,Jewelery,1.48
748,Pie Box - Cello Window 2.5,Toys,2.45
749,"Lamb - Whole, Fresh",Clothing,3.54
750,Pork - Liver,Automotive,8.95
751,Shrimp - Black Tiger 16/20,Kids,2.02
752,"Vinegar - Balsamic, White",Garden,3.08
753,Butter - Salted,Games,7.4
754,Devonshire Cream,Books,7.84
755,Sugar - Palm,Home,3.48
756,Hummus - Spread,Kids,7.46
757,"Pepper - Chillies, Crushed",Garden,6.79
758,"Veal - Round, Eye Of",Sports,8.98
759,Blouse / Shirt / Sweater,Garden,6.5
760,Nori Sea Weed,Outdoors,5.75
761,Beer - Rickards Red,Kids,1.44
762,Flour - Strong Pizza,Computers,8.6
763,Sugar - Cubes,Beauty,9.79
764,Paper Cocktail Umberlla 80 - 180,Electronics,8.01
765,Tomatoes - Orange,Industrial,2.56
766,Anisette - Mcguiness,Outdoors,3.14
767,"Wine - Red, Marechal Foch",Games,8.22
768,Ostrich - Prime Cut,Health,3.99
769,Nutmeg - Ground,Grocery,6.95
770,Eggplant - Baby,Home,6.9
771,Cleaner - Comet,Grocery,4.05
772,Trueblue - Blueberry 12x473ml,Computers,6.49
773,Bok Choy - Baby,Grocery,1.76
774,Soup - Campbells Chili,Clothing,2.78
775,"Oil - Truffle, White",Computers,2.92
776,Gingerale - Diet - Schweppes,Grocery,7.11
777,Juice - Prune,Automotive,6.92
778,Apples - Sliced / Wedge,Outdoors,3.46
779,"Veal - Leg, Provimi - 50 Lb Max",Electronics,6.64
780,"Trout - Rainbow, Frozen",Shoes,2.95
781,Cleaner - Pine Sol,Games,8.17
782,Lid Tray - 12in Dome,Beauty,3.11
783,Beer - Rickards Red,Movies,8.9
784,Fiddlehead - Frozen,Shoes,7.97
785,Lettuce Romaine Chopped,Automotive,1.44
786,Tomato - Green,Music,9.68
787,Flower - Daisies,Industrial,5.24
788,"Lamb - Racks, Frenched",Movies,3.09
789,"Quail - Eggs, Fresh",Kids,9.74
790,Taro Leaves,Music,7.8
791,Bread - Pain Au Liat X12,Industrial,3.52
792,Napkin White,Garden,6.14
793,"Coke - Diet, 355 Ml",Electronics,5.48
794,Table Cloth 62x114 White,Outdoors,2.3
795,Appetizer - Lobster Phyllo Roll,Health,5.26
796,"Veal - Brisket, Provimi,bnls",Shoes,5.86
797,Aspic - Clear,Movies,9.49
798,Pasta - Ravioli,Garden,3.14
799,"Chilli Paste, Ginger Garlic",Sports,3.92
800,Tomato - Tricolor Cherry,Tools,1.53
801,"Veal - Shank, Pieces",Jewelery,6.04
802,Cake - Mini Cheesecake,Tools,6.68
803,Wine - Redchard Merritt,Kids,6.24
804,Smoked Paprika,Movies,4.75
805,Bread - Bistro Sour,Grocery,5.16
806,Cake - Mini Cheesecake,Home,6.23
807,"Bread - Rolls, Corn",Sports,8.74
808,Ice Cream - Vanilla,Baby,3.1
809,Appetizer - Smoked Salmon / Dill,Baby,7.96
810,Turnip - White,Games,1.05
811,Cabbage - Red,Industrial,8.55
812,Scallops - 20/30,Shoes,9.91
813,Cheese - Brie,Health,8.91
814,"Rum - Dark, Bacardi, Black",Home,1.48
815,Juice - Lagoon Mango,Beauty,5.01
816,Wine - Pinot Grigio Collavini,Sports,1.75
817,Juice - V8 Splash,Clothing,1.63
818,V8 Splash Strawberry Banana,Toys,7.72
819,Filter - Coffee,Games,5.51
820,Pasta - Fusili Tri - Coloured,Books,9.99
821,"Pepsi - Diet, 355 Ml",Books,2.63
822,"Sugar - Brown, Individual",Automotive,9.05
823,Nantucket - Pomegranate Pear,Automotive,7.23
824,"Lamb - Leg, Bone In",Jewelery,1.88
825,Beef - Bresaola,Electronics,6.9
826,Lighter - Bbq,Books,5.02
827,"Soup - Campbells, Chix Gumbo",Electronics,3.43
828,Cheese - Cheddar With Claret,Garden,2.84
829,"Pepper - Green, Chili",Health,8.52
830,"Bread - White, Unsliced",Automotive,3.13
831,Cheese - Oka,Beauty,8.29
832,"Soup - Campbells, Chix Gumbo",Books,9.07
833,Tumeric,Music,3.02
834,Bok Choy - Baby,Automotive,1.96
835,Turnip - White,Beauty,7.65
836,Wine - Chianti Classico Riserva,Clothing,4.01
837,Sauce - Fish 25 Ozf Bottle,Movies,3.17
838,"Nut - Walnut, Chopped",Electronics,8.04
839,Pastry - Lemon Danish - Mini,Garden,3.21
840,Breadfruit,Beauty,3.87
841,"Lid - High Heat, Super Clear",Computers,6.23
842,Mushroom - Portebello,Grocery,3.52
843,Sauce - Hollandaise,Sports,3.78
844,"Nut - Pecan, Pieces",Garden,6.33
845,Kaffir Lime Leaves,Automotive,3.89
846,Sugar - Splenda Sweetener,Clothing,8.43
847,Bar - Sweet And Salty Chocolate,Toys,1.52
848,Five Alive Citrus,Outdoors,3.44
849,Nori Sea Weed,Games,4.81
850,Sherry - Dry,Sports,3.52
851,Potatoes - Idaho 80 Count,Grocery,5.12
852,Red Cod Fillets - 225g,Clothing,4.74
853,Scrubbie - Scotchbrite Hand Pad,Home,2.17
854,Nantucket - Pomegranate Pear,Movies,4.41
855,Steamers White,Computers,2.25
856,Lettuce - Red Leaf,Books,1.26
857,Wine - Pinot Noir Pond Haddock,Health,7.77
858,Vinegar - Champagne,Music,9.61
859,Walkers Special Old Whiskey,Clothing,9.97
860,Prunes - Pitted,Toys,7.33
861,Bread - Sour Batard,Sports,8.45
862,Flower - Dish Garden,Garden,4.58
863,Wine - Tio Pepe Sherry Fino,Computers,4.61
864,Remy Red Berry Infusion,Books,1.29
865,"Sauce - White, Mix",Grocery,8.71
866,"Beef - Baby, Liver",Automotive,5.7
867,Flour - Rye,Music,5.37
868,Juice - Prune,Automotive,7.99
869,Eel Fresh,Clothing,6.07
870,"Soup - Campbells, Classic Chix",Games,2.09
871,Hersey Shakes,Computers,7.81
872,Wine - Vovray Sec Domaine Huet,Clothing,5.41
873,Pasta - Ravioli,Books,6.04
874,Goldschalger,Garden,2.35
875,Lobster - Base,Music,9.65
876,Bread - Pumpernickel,Home,7.05
877,Pastry - Mini French Pastries,Grocery,1.32
878,Bread - Italian Roll With Herbs,Health,2.11
879,Long Island Ice Tea,Baby,1.89
880,Aspic - Light,Outdoors,6.41
881,Sunflower Seed Raw,Grocery,1.05
882,Beef - Flank Steak,Computers,1.94
883,Beer - Sleemans Honey Brown,Outdoors,6.39
884,Cheese - St. Andre,Baby,4.22
885,Cookie Dough - Peanut Butter,Tools,5.4
886,Duck - Breast,Baby,6.96
887,"Wine - Sherry Dry Sack, William",Garden,8.96
888,Cookie - Dough Variety,Toys,3.49
889,"Cup - 6oz, Foam",Automotive,3.97
890,Beef - Cow Feet Split,Shoes,2.24
891,Cheese - Ermite Bleu,Garden,5.07
892,"Wine - White, Cooking",Outdoors,6.33
893,Soup - Cream Of Potato / Leek,Shoes,3.19
894,Butter Sweet,Clothing,3.36
895,"Salmon - Atlantic, Skin On",Clothing,7.75
896,Irish Cream - Butterscotch,Music,8.34
897,Bread - Flat Bread,Jewelery,1.84
898,Dikon,Games,1.01
899,"Lettuce - Mini Greens, Whole",Games,5.52
900,Parsnip,Shoes,6.99
901,Bouillion - Fish,Electronics,7.65
902,Crawfish,Beauty,1.28
903,"Syrup - Monin, Swiss Choclate",Beauty,1.55
904,Table Cloth 120 Round White,Industrial,6.27
905,"Pepper - Julienne, Frozen",Health,5.41
906,Baking Soda,Books,9.37
907,Chicken - Tenderloin,Baby,9.66
908,Cucumber - Pickling Ontario,Electronics,9.79
909,Syrup - Monin - Passion Fruit,Movies,3.63
910,Shrimp - 31/40,Toys,8.69
911,Salt And Pepper Mix - Black,Sports,6.21
912,"Wine - Mas Chicet Rose, Vintage",Baby,5.46
913,Flower - Potmums,Automotive,5.9
914,Cheese - St. Paulin,Grocery,7.16
915,Guava,Games,8.63
916,Cheese - Bakers Cream Cheese,Jewelery,4.38
917,"Placemat - Scallop, White",Movies,9.41
918,Sauce - Chili,Games,2.85
919,"Pasta - Orzo, Dry",Jewelery,6.71
920,Rice Wine - Aji Mirin,Jewelery,9.74
921,Bar Special K,Toys,5.91
922,Cookies Cereal Nut,Garden,5.29
923,Sugar - Cubes,Kids,8.04
924,Maintenance Removal Charge,Games,7.5
925,"Beans - Kidney, Canned",Grocery,7.22
926,Wine - Ej Gallo Sierra Valley,Outdoors,8.58
927,Tray - 16in Rnd Blk,Garden,3.06
928,Pepper - Green,Grocery,9.68
929,Pork - Bones,Beauty,7.27
930,Beer - Sleeman Fine Porter,Shoes,1.65
931,"Cheese - Havarti, Salsa",Computers,2.89
932,Beets - Pickled,Beauty,1.46
933,Wine - Sake,Clothing,6.33
934,Wine - Duboeuf Beaujolais,Garden,8.21
935,Chinese Foods - Thick Noodles,Movies,3.7
936,"Sauce - Gravy, Au Jus, Mix",Electronics,4.99
937,Turnip - White,Electronics,9.03
938,"Wine - Harrow Estates, Vidal",Shoes,3.21
939,"Wine - White, Ej",Music,8.42
940,Sobe - Orange Carrot,Garden,8.72
941,Soup - French Can Pea,Toys,9.21
942,"Flour - Corn, Fine",Health,9.0
943,Cheese - Perron Cheddar,Jewelery,9.54
944,Sauce - Soy Low Sodium - 3.87l,Electronics,4.59
945,Crackers - Water,Toys,3.98
946,Taro Root,Sports,9.56
947,Mushroom Morel Fresh,Kids,5.95
948,Beer - Muskoka Cream Ale,Computers,2.83
949,Cookies - Englishbay Wht,Clothing,4.31
950,External Supplier,Jewelery,4.45
951,Wine - Wyndham Estate Bin 777,Kids,6.41
952,Sugar - Monocystal / Rock,Sports,7.63
953,Sauce - Soy Low Sodium - 3.87l,Tools,5.54
954,"Soup - Campbells, Lentil",Tools,1.4
955,Wine - Toasted Head,Beauty,5.56
956,Toamtoes 6x7 Select,Shoes,3.34
957,"Quail - Whole, Boneless",Shoes,4.76
958,Beer - Camerons Cream Ale,Tools,7.39
959,Beef - Bresaola,Books,2.03
960,Veal - Leg,Baby,3.46
961,Melon - Watermelon Yellow,Computers,9.14
962,"Beef - Bones, Cut - Up",Health,9.34
963,Lemons,Industrial,8.27
964,Syrup - Kahlua Chocolate,Automotive,6.71
965,Crush - Cream Soda,Health,2.72
966,"Lobster - Baby, Boiled",Industrial,7.54
967,Soup - French Onion,Outdoors,8.55
968,Wine - Chardonnay South,Toys,2.1
969,Table Cloth 62x114 Colour,Industrial,9.53
970,Roe - Flying Fish,Shoes,9.84
971,Oil - Avocado,Movies,1.43
972,Soup Campbells - Italian Wedding,Sports,4.71
973,Urban Zen Drinks,Outdoors,7.58
974,Table Cloth 62x114 White,Computers,2.6
975,"Pepper - Red, Finger Hot",Sports,3.59
976,Soup - French Can Pea,Automotive,5.66
977,Island Oasis - Cappucino Mix,Baby,9.14
978,Vinegar - Raspberry,Jewelery,1.22
979,Cheese - Colby,Music,4.69
980,Pepper - Orange,Computers,3.13
981,Banana - Leaves,Health,8.0
982,Vodka - Smirnoff,Outdoors,4.55
983,Shichimi Togarashi Peppeers,Grocery,7.62
984,Cheese - Asiago,Baby,9.77
985,Muffin Puck Ww Carrot,Home,5.62
986,Appetizer - Southwestern,Garden,7.24
987,Coffee Cup 8oz 5338cd,Grocery,3.15
988,"Quail - Eggs, Fresh",Clothing,3.32
989,"Asparagus - White, Fresh",Music,7.66
990,Tomatoes - Yellow Hot House,Home,9.7
991,Liners - Baking Cups,Home,1.64
992,Sauce - Demi Glace,Kids,4.49
993,Pineapple - Regular,Shoes,9.1
994,Apple - Royal Gala,Health,7.5
995,Pie Filling - Apple,Toys,4.13
996,Wine - Chateau Aqueria Tavel,Electronics,7.74
997,Beef Flat Iron Steak,Shoes,8.45
998,Coffee - Frthy Coffee Crisp,Electronics,1.35
999,Water - Perrier,Automotive,5.27
1000,Dooleys Toffee,Clothing,2.34
